{"cameraMode":{"drawMode":0,"name":"Shaded","section":"Shading Mode"},"sceneLighting":true,"audioPlay":false,"sceneViewState":{"showFog":true,"showMaterialUpdate":false,"showSkybox":true,"showFlares":true,"showImageEffects":true,"showParticleSystems":true},"in2DMode":false,"pivot":{"x":486.1023254394531,"y":8.608915328979493,"z":519.6163330078125},"rotation":{"x":0.23607954382896424,"y":-0.5224851965904236,"z":0.15326347947120667,"w":0.8049025535583496},"size":42.08247375488281,"orthographic":false}