{"cameraMode":{"drawMode":0,"name":"Shaded","section":"Shading Mode"},"sceneLighting":true,"audioPlay":false,"sceneViewState":{"showFog":true,"showMaterialUpdate":false,"showSkybox":true,"showFlares":true,"showImageEffects":true,"showParticleSystems":true},"in2DMode":false,"pivot":{"x":-0.8200511932373047,"y":6.450960159301758,"z":1.10089111328125},"rotation":{"x":0.10620976239442826,"y":-0.0861670970916748,"z":0.00924589391797781,"w":0.9906023144721985},"size":87.19561004638672,"orthographic":false}